The Street,https://www.thestreet.com/.rss/full/
SI NFL Draft,https://www.si.com/nfl/draft/.rss/full/
SI Tampa Bay Buccaneers,https://www.si.com/nfl/buccaneers/.rss/full/
SI Carolina Panthers,https://www.si.com/nfl/panthers/.rss/full/
SI Kansas City Chiefs,https://www.si.com/nfl/chiefs/.rss/full/
SI Miami Dolphins,https://www.si.com/nfl/dolphins/.rss/full/
SI San Francisco 49ers,https://www.si.com/nfl/49ers/.rss/full/
SI Dallas Cowboys,https://www.si.com/nfl/cowboys/.rss/full/
SI New Orleans Saints,https://www.si.com/nfl/saints/.rss/full/
SI Seattle Seahawks,https://www.si.com/nfl/seahawks/.rss/full/
SI National,https://www.si.com/.rss/full/
SI UCLA Bruins,https://www.si.com/college/UCLA/.rss/full/
SI Arkansas Razorbacks,https://www.si.com/college/arkansas/.rss/full/
SI Oklahoma Sooners,https://www.si.com/college/oklahoma/.rss/full/
SI Syracuse Orange,https://www.si.com/college/syracuse/.rss/full/
SI Alabama Crimson Tide,https://www.si.com/college/alabama/.rss/full/
SI Purdue Boilermakers,https://www.si.com/college/purdue/.rss/full/
SI Ohio State Buckeyes,https://www.si.com/college/ohiostate/.rss/full/
SI BYU Cougars,https://www.si.com/college/byu/.rss/full/
SI Oregon Ducks,https://www.si.com/college/oregon/.rss/full/
SI Gonzaga Bulldogs,https://www.si.com/college/gonzaga/.rss/full/
SI HBCU Legends,https://www.si.com/college/hbcu/.rss/full/
SI Indiana Hoosiers,https://www.si.com/college/indiana/.rss/full/
SI Iowa Hawkeyes,https://www.si.com/college/iowa/.rss/full/
SI Notre Dame Fighting Irish,https://www.si.com/college/notredame/.rss/full/
SI Texas Longhorns,https://www.si.com/college/texas/.rss/full/
SI Louisville Cardinals,https://www.si.com/college/louisville/.rss/full/
SI Michigan State Spartans,https://www.si.com/college/michiganstate/.rss/full/
SI TMG,https://www.si.com/college/tmg/.rss/full/
SI Tennessee Volunteers,https://www.si.com/college/tennessee/.rss/full/
SI Michigan Wolverines,https://www.si.com/college/michigan/.rss/full/
SI Penn State Nittany Lions,https://www.si.com/college/pennstate/.rss/full/
SI Georgia Bulldogs,https://www.si.com/college/georgia/.rss/full/
SI Florida State Seminoles,https://www.si.com/college/fsu/.rss/full/
SI Florida Gators,https://www.si.com/college/florida/.rss/full/
SI North Carolina Tar Heels,https://www.si.com/college/unc/.rss/full/
SI Duke Blue Devils,https://www.si.com/college/duke/.rss/full/
SI Texas Christian Horned Frogs,https://www.si.com/college/TCU/.rss/full/
SI Mississippi State,https://www.si.com/college/mississippistate/.rss/full/
SI Ole Miss Rebels,https://www.si.com/college/olemiss/.rss/full/
SI Washington Huskies,https://www.si.com/college/washington/.rss/full/
SI Clemson Tigers,https://www.si.com/college/clemson/.rss/full/